x,y,t,z,f
3.514904260635375977e+00,1.605841755867004395e+00,3.663672208786010742e+00,3.358677923679351807e-01,1.076213829219341278e-02
1.945493817329406738e+00,1.016698002815246582e+00,1.619146943092346191e+00,2.690164089202880859e+00,2.688248641788959503e-03
1.371651053428649902e+00,3.880519390106201172e+00,3.729473114013671875e+00,2.711978197097778320e+00,8.290047198534011841e-02
2.809140682220458984e+00,2.287731409072875977e+00,1.314162731170654297e+00,3.134594678878784180e+00,7.936075329780578613e-03
6.090945601463317871e-01,3.531668424606323242e+00,7.016022801399230957e-01,2.564618587493896484e+00,2.288465015590190887e-02
3.807773351669311523e+00,3.127005815505981445e+00,1.962635040283203125e+00,3.986822366714477539e+00,1.297956146299839020e-02
3.283077001571655273e+00,3.148930549621582031e+00,4.002232104539871216e-02,1.824153304100036621e+00,5.457081133499741554e-04
6.585156917572021484e-01,2.898796319961547852e+00,3.450492382049560547e+00,2.412888526916503906e+00,5.864439159631729126e-02
3.662919282913208008e+00,3.226227998733520508e+00,3.507797241210937500e+00,6.215180754661560059e-01,3.956518322229385376e-02
1.836113333702087402e+00,2.088840901851654053e-01,2.928527593612670898e+00,2.157137632369995117e+00,2.047210728051140904e-04
1.811427712440490723e+00,2.061424970626831055e+00,3.755245685577392578e+00,3.533296823501586914e+00,1.722174510359764099e-02
2.708867073059082031e+00,2.008877754211425781e+00,1.278182744979858398e+00,2.211014509201049805e+00,7.472707889974117279e-03
2.063327789306640625e+00,1.849338889122009277e+00,3.985703229904174805e+00,7.820850610733032227e-01,2.194953709840774536e-02
2.992988109588623047e+00,3.111531496047973633e+00,3.749310970306396484e+00,5.187977552413940430e-01,4.700158163905143738e-02
8.283972740173339844e-01,4.576294124126434326e-01,3.150154829025268555e+00,1.415583848953247070e+00,1.583148608915507793e-03
3.124763488769531250e+00,6.944118738174438477e-01,1.431273937225341797e+00,1.139357328414916992e+00,1.046220655553042889e-03
3.821610450744628906e+00,2.506623983383178711e+00,3.494403839111328125e+00,3.904463052749633789e+00,1.245892699807882309e-02
1.221079111099243164e+00,2.567156076431274414e+00,8.589671254158020020e-01,3.616582870483398438e+00,9.754031896591186523e-03
7.884770035743713379e-01,1.760363221168518066e+00,3.480008244514465332e-01,3.236598253250122070e+00,2.337164245545864105e-03
1.923038244247436523e+00,2.936039209365844727e+00,2.752408504486083984e+00,3.492319583892822266e+00,2.853926457464694977e-02
3.729938268661499023e+00,1.212020635604858398e+00,1.419765472412109375e+00,2.161713600158691406e+00,2.222064649686217308e-03
1.652682781219482422e+00,2.482124090194702148e+00,2.178310871124267578e+00,3.208543539047241211e+00,1.990608870983123779e-02
3.895080566406250000e+00,2.266167879104614258e+00,2.552580595016479492e+00,5.922566056251525879e-01,1.503716967999935150e-02
7.188235223293304443e-02,3.305090904235839844e+00,5.441504120826721191e-01,5.843423008918762207e-01,2.530600130558013916e-02
3.428098857402801514e-01,2.048218965530395508e+00,3.288805186748504639e-01,2.401421070098876953e+00,4.088908899575471878e-03
2.281600981950759888e-01,3.294141054153442383e+00,3.305584907531738281e+00,2.824611663818359375e+00,7.717741280794143677e-02
2.877871036529541016e+00,3.076885342597961426e-01,2.316457986831665039e+00,3.632551908493041992e+00,2.025551511906087399e-04
1.151675939559936523e+00,3.778143882751464844e+00,2.670850157737731934e-01,7.757730484008789062e-01,1.157664041966199875e-02
9.702462553977966309e-01,4.558720588684082031e-01,2.633936405181884766e+00,3.078979253768920898e-01,1.535008777864277363e-03
1.136567115783691406e+00,3.007471323013305664e+00,1.257269501686096191e+00,3.607466459274291992e+00,1.965631172060966492e-02
1.572455167770385742e-01,1.060557603836059570e+00,3.400271415710449219e+00,2.750214561820030212e-02,1.265180017799139023e-02
2.645929098129272461e+00,3.006659448146820068e-02,3.600895166397094727e+00,2.342193126678466797e+00,3.604698349590762518e-06
1.887003540992736816e+00,3.101693391799926758e+00,1.995311021804809570e+00,6.675672531127929688e-01,4.246089607477188110e-02
1.097522258758544922e+00,1.395516157150268555e+00,2.613692522048950195e+00,3.260696887969970703e+00,8.386192843317985535e-03
2.289454936981201172e+00,9.229879379272460938e-01,3.528327465057373047e+00,3.285044670104980469e+00,3.058674978092312813e-03
1.083579063415527344e+00,2.139248609542846680e+00,2.817213773727416992e+00,3.878836154937744141e+00,1.827751100063323975e-02
8.927479386329650879e-01,2.736720323562622070e+00,1.311655521392822266e+00,4.814183413982391357e-01,3.169912844896316528e-02
2.212677001953125000e+00,1.693615615367889404e-01,2.191920280456542969e+00,3.669079542160034180e+00,7.134009501896798611e-05
3.919370889663696289e+00,2.610779047012329102e+00,5.380920693278312683e-02,3.650378704071044922e+00,2.854418999049812555e-04
2.768449544906616211e+00,3.662985563278198242e+00,2.425081729888916016e+00,1.583524346351623535e+00,4.649413377046585083e-02
4.495383426547050476e-02,3.300561904907226562e+00,1.084089159965515137e+00,8.401883244514465332e-01,4.803189262747764587e-02
3.473794460296630859e+00,3.805529117584228516e+00,3.098413050174713135e-01,3.569095134735107422e+00,4.048680420964956284e-03
3.464949607849121094e+00,2.067914247512817383e+00,1.053245663642883301e+00,6.080406904220581055e-01,6.750096566975116730e-03
3.677472352981567383e+00,3.254538297653198242e+00,1.088959217071533203e+00,1.089501261711120605e+00,1.528008654713630676e-02
2.586656808853149414e+00,3.464332580566406250e+00,3.360594272613525391e+00,2.258013963699340820e+00,4.777788743376731873e-02
3.305114507675170898e+00,3.902022838592529297e+00,1.598870038986206055e+00,2.442639589309692383e+00,2.743856608867645264e-02
3.178282976150512695e+00,1.126663565635681152e+00,1.980835556983947754e+00,5.447179675102233887e-01,3.829296445474028587e-03
5.315088033676147461e-01,2.355373382568359375e+00,3.390446901321411133e+00,1.787791848182678223e+00,4.491662606596946716e-02
2.547812461853027344e+00,3.752885162830352783e-01,3.576144456863403320e+00,3.179428815841674805e+00,4.821633337996900082e-04
1.231948733329772949e+00,1.858188062906265259e-01,1.464173913002014160e+00,2.651281118392944336e+00,1.027502803481183946e-04
6.854425668716430664e-01,6.304999589920043945e-01,3.314619779586791992e+00,9.984391331672668457e-01,3.426761366426944733e-03
1.867378473281860352e+00,1.787182092666625977e+00,1.280300617218017578e+00,1.434218734502792358e-01,1.015277393162250519e-02
1.972000241279602051e+00,5.940472483634948730e-01,9.825822114944458008e-01,1.012895464897155762e+00,7.789457449689507484e-04
3.351496934890747070e+00,1.482192993164062500e+00,1.519297838211059570e+00,9.283926337957382202e-02,5.229996982961893082e-03
7.450118064880371094e-01,2.004221677780151367e+00,2.648699045181274414e+00,2.969872713088989258e+00,2.067171968519687653e-02
3.088677406311035156e+00,1.774980783462524414e+00,1.199411511421203613e+00,3.631437301635742188e+00,3.632929874584078789e-03
1.897049188613891602e+00,2.498927354812622070e+00,3.772027492523193359e+00,2.686691761016845703e+00,2.968496456742286682e-02
2.386610031127929688e+00,1.589455842971801758e+00,2.738312959671020508e+00,1.156317114830017090e+00,1.139362156391143799e-02
4.359402358531951904e-01,3.889682769775390625e+00,2.287258148193359375e+00,8.193699121475219727e-01,1.127105876803398132e-01
1.264221221208572388e-01,3.441534996032714844e+00,2.068089246749877930e+00,3.728090524673461914e+00,5.203077569603919983e-02
1.366536498069763184e+00,3.024295806884765625e+00,2.849592685699462891e+00,3.996150016784667969e+00,3.305159509181976318e-02
1.089491724967956543e+00,7.951772212982177734e-01,3.947590291500091553e-01,2.064690589904785156e+00,6.311041070148348808e-04
2.583477735519409180e+00,1.169320106506347656e+00,8.929454684257507324e-01,3.893395662307739258e+00,1.319501665420830250e-03
1.344047784805297852e+00,9.537504911422729492e-01,3.828115701675415039e+00,4.686189591884613037e-01,7.348944898694753647e-03
1.112979769706726074e+00,1.135305523872375488e+00,2.274332761764526367e+00,3.001686811447143555e+00,5.291930399835109711e-03
1.856064349412918091e-01,3.437421798706054688e+00,2.096268832683563232e-01,3.390197277069091797e+00,6.236071698367595673e-03
5.171015262603759766e-01,2.876660346984863281e+00,1.763668775558471680e+00,2.335098981857299805e+00,3.823773935437202454e-02
1.492744445800781250e+00,2.479975968599319458e-01,2.906044960021972656e+00,2.553184986114501953e+00,2.937959507107734680e-04
7.748885750770568848e-01,4.903697073459625244e-01,2.377431154251098633e+00,1.432145357131958008e+00,1.530583598650991917e-03
9.532496929168701172e-01,2.116607189178466797e+00,2.192162513732910156e+00,2.344208240509033203e+00,2.157377824187278748e-02
3.843970537185668945e+00,3.737972497940063477e+00,3.136689186096191406e+00,6.019082292914390564e-02,4.958677664399147034e-02
3.201089620590209961e+00,1.450387477874755859e+00,8.296486139297485352e-01,1.657858729362487793e+00,2.480990253388881683e-03
2.099434614181518555e+00,3.791249275207519531e+00,5.088689327239990234e-01,2.314100712537765503e-01,1.751185394823551178e-02
2.796190738677978516e+00,1.645716875791549683e-01,1.924610137939453125e+00,3.843309640884399414e+00,4.928557245875708759e-05
1.615018486976623535e+00,3.056529760360717773e+00,7.545275688171386719e-01,2.977409839630126953e+00,1.244901120662689209e-02
2.232825517654418945e+00,7.633334398269653320e-01,2.879678249359130859e+00,1.943081021308898926e-01,3.152739955112338066e-03
4.834477901458740234e-01,1.897392392158508301e+00,1.731742739677429199e+00,2.889493942260742188e+00,1.472555752843618393e-02
2.160023927688598633e+00,3.349195480346679688e+00,3.026318252086639404e-01,5.088666081428527832e-01,7.829986512660980225e-03
7.779756188392639160e-01,3.964486122131347656e+00,2.891293048858642578e+00,1.829811334609985352e-01,1.320246756076812744e-01
1.530191063880920410e+00,7.577593326568603516e-01,8.704750537872314453e-01,2.577096462249755859e+00,9.812872158363461494e-04
1.787484645843505859e+00,3.652123928070068359e+00,2.112809419631958008e+00,1.127311944961547852e+00,5.996698141098022461e-02
3.498430728912353516e+00,3.709376096725463867e+00,2.582596778869628906e+00,1.522601604461669922e+00,4.043750837445259094e-02
2.285097360610961914e+00,9.893608093261718750e-01,2.168450593948364258e+00,1.366405606269836426e+00,3.735394449904561043e-03
3.639025986194610596e-01,1.527807950973510742e+00,2.766693115234375000e+00,3.529326617717742920e-01,2.128965966403484344e-02
2.889686107635498047e+00,1.835545301437377930e+00,2.990220308303833008e+00,3.323538064956665039e+00,9.123235940933227539e-03
3.135902881622314453e+00,3.730296134948730469e+00,3.482265949249267578e+00,3.658831596374511719e+00,3.554541617631912231e-02
3.611109256744384766e+00,3.591410160064697266e+00,1.350028753280639648e+00,1.459404945373535156e+00,2.189240604639053345e-02
2.628846406936645508e+00,7.440637946128845215e-01,6.326100230216979980e-01,3.054783821105957031e+00,4.509253485593944788e-04
2.595280408859252930e+00,3.946430206298828125e+00,9.509076476097106934e-01,1.677499294281005859e+00,2.500737458467483521e-02
2.458272695541381836e+00,1.744791150093078613e+00,2.213266134262084961e+00,3.982088565826416016e+00,6.658949889242649078e-03
3.713425636291503906e+00,2.331320047378540039e+00,3.852187395095825195e+00,1.653950810432434082e+00,1.848562248051166534e-02
2.554187476634979248e-01,3.959856986999511719e+00,2.771360158920288086e+00,2.254471063613891602e+00,1.119476333260536194e-01
7.361957430839538574e-01,3.511401712894439697e-01,3.156383275985717773e+00,2.364842653274536133e+00,8.078457321971654892e-04
1.270141482353210449e+00,4.980099499225616455e-01,2.748503684997558594e-01,4.341939389705657959e-01,2.068860630970448256e-04
1.207337498664855957e+00,2.117805182933807373e-02,3.803841352462768555e+00,2.084586143493652344e+00,2.975524921566830017e-06
2.175675153732299805e+00,2.134447813034057617e+00,8.804398179054260254e-01,3.022699356079101562e+00,5.892951041460037231e-03
8.331835865974426270e-01,2.617422819137573242e+00,3.644869565963745117e+00,2.372265815734863281e+00,4.705648869276046753e-02
1.257408022880554199e+00,5.145545005798339844e-01,4.813044369220733643e-01,1.817939281463623047e+00,3.199147759005427361e-04
1.058469772338867188e+00,1.344696164131164551e+00,2.345417499542236328e+00,1.478567481040954590e+00,1.039040554314851761e-02
3.354014158248901367e+00,2.823306560516357422e+00,1.796593189239501953e+00,3.076826095581054688e+00,1.364263612776994705e-02
2.206382751464843750e+00,2.888496875762939453e+00,3.167241811752319336e+00,1.111960768699645996e+00,4.374476522207260132e-02
4.214166402816772461e-01,3.184073925018310547e+00,6.298824548721313477e-01,3.065354347229003906e+00,1.590812765061855316e-02
1.758615136146545410e+00,6.113089919090270996e-01,2.256332635879516602e+00,1.994267940521240234e+00,1.546483719721436501e-03
2.721559405326843262e-01,1.179403543472290039e+00,3.944133281707763672e+00,2.937303543090820312e+00,1.041264832019805908e-02
1.033774018287658691e+00,1.776892066001892090e+00,1.290948033332824707e+00,2.221148967742919922e+00,9.731649421155452728e-03
3.027773857116699219e+00,1.558187961578369141e+00,2.025779724121093750e+00,1.470639348030090332e+00,6.919411476701498032e-03
2.635382413864135742e+00,2.091712713241577148e+00,1.658624768257141113e+00,3.265916109085083008e+00,8.335364982485771179e-03
1.023121356964111328e+00,2.547000408172607422e+00,3.116688251495361328e+00,2.835086345672607422e+00,3.506317734718322754e-02
3.144481182098388672e-01,3.233161568641662598e-01,2.954136848449707031e+00,2.915839910507202148e+00,6.648149574175477028e-04
7.962970733642578125e-01,3.213705778121948242e+00,1.678166747093200684e+00,2.904375791549682617e-01,5.681320652365684509e-02
3.704343140125274658e-01,2.030436038970947266e+00,2.560225248336791992e+00,1.490630745887756348e+00,3.094020858407020569e-02
2.475750207901000977e+00,1.561270594596862793e+00,2.444107770919799805e+00,2.316192388534545898e+00,8.101738058030605316e-03
3.405933856964111328e+00,3.862751007080078125e+00,2.154307126998901367e+00,3.593247175216674805e+00,2.601013891398906708e-02
3.298577547073364258e+00,1.253049373626708984e+00,2.643394231796264648e+00,1.154927015304565430e-01,5.866819061338901520e-03
2.224507570266723633e+00,2.676898717880249023e+00,2.838681697845458984e+00,3.944984436035156250e+00,2.016367949545383453e-02
2.944842100143432617e+00,2.127613782882690430e+00,2.598414182662963867e+00,2.962909698486328125e+00,1.190263591706752777e-02
3.456892371177673340e-01,9.311464428901672363e-01,1.654467344284057617e+00,3.615058898925781250e+00,3.040254814550280571e-03
3.899952173233032227e+00,6.574758887290954590e-01,1.038263440132141113e+00,4.633989334106445312e-01,5.993341328576207161e-04
2.611591577529907227e+00,2.718465566635131836e+00,2.847460508346557617e+00,1.873813867568969727e+00,2.847048081457614899e-02
2.537430286407470703e+00,2.772813320159912109e+00,1.901647448539733887e+00,2.101783037185668945e+00,2.159078605473041534e-02
3.525112152099609375e+00,2.227384805679321289e+00,9.157774448394775391e-01,5.331572294235229492e-01,6.790746934711933136e-03
2.394900560379028320e+00,2.602593898773193359e+00,1.435533761978149414e+00,1.516901612281799316e+00,1.733204163610935211e-02
3.387008666992187500e+00,3.515264749526977539e+00,3.109277486801147461e+00,3.549574375152587891e+00,2.811430767178535461e-02
1.411633968353271484e+00,1.435101270675659180e+00,1.379113554954528809e+00,3.964937210083007812e+00,4.170272964984178543e-03
3.331473827362060547e+00,3.664113759994506836e+00,2.412575721740722656e+00,2.172558754682540894e-01,4.625350981950759888e-02
4.153494238853454590e-01,1.968998193740844727e+00,2.016466379165649414e+00,2.309905052185058594e+00,2.070337533950805664e-02
3.623903274536132812e+00,3.561359345912933350e-01,3.265382945537567139e-01,1.504226922988891602e+00,5.411395250121131539e-05
1.384818434715270996e+00,7.843146920204162598e-01,3.843168973922729492e+00,1.419878721237182617e+00,4.365646746009588242e-03
3.977338314056396484e+00,3.770781278610229492e+00,1.454011559486389160e+00,5.525256991386413574e-01,2.597596123814582825e-02
8.524823784828186035e-01,2.041811466217041016e+00,3.891992568969726562e+00,1.222533106803894043e+00,3.595848381519317627e-02
2.856325805187225342e-01,2.707404613494873047e+00,5.428559780120849609e-01,3.887890100479125977e+00,8.704821579158306122e-03
1.636528849601745605e+00,3.337902307510375977e+00,6.030867695808410645e-01,3.933406829833984375e+00,9.695601649582386017e-03
2.722262144088745117e+00,3.244123935699462891e+00,2.792003870010375977e+00,3.297791719436645508e+00,2.885511331260204315e-02
2.713355064392089844e+00,8.459236025810241699e-01,1.534781694412231445e+00,3.246405601501464844e+00,1.250875531695783138e-03
3.780541896820068359e+00,3.835902690887451172e+00,3.184431195259094238e-01,8.977604508399963379e-01,6.367391906678676605e-03
2.953052520751953125e+00,1.797472000122070312e+00,1.993548683822154999e-02,6.592450141906738281e-01,1.156505750259384513e-04
1.354220986366271973e+00,3.430820226669311523e+00,1.477753043174743652e+00,3.434154272079467773e+00,2.873376756906509399e-02
5.554544329643249512e-01,2.200800418853759766e+00,1.868417143821716309e+00,3.916747093200683594e+00,1.661168783903121948e-02
1.381547927856445312e+00,2.182148933410644531e+00,1.498793840408325195e+00,2.485882520675659180e+00,1.431800238788127899e-02
9.291018247604370117e-01,1.645834803581237793e+00,3.210613012313842773e+00,1.571454524993896484e+00,1.959275826811790466e-02
1.578972339630126953e+00,1.992836713790893555e+00,3.134639978408813477e+00,3.190801382064819336e+00,1.687195710837841034e-02
2.575024843215942383e+00,1.367388486862182617e+00,3.587726116180419922e+00,2.742674112319946289e+00,6.991857662796974182e-03
3.577542543411254883e+00,3.838191032409667969e-01,6.770031452178955078e-01,7.002143859863281250e-01,1.458293554605916142e-04
9.182677865028381348e-01,1.653152704238891602e+00,3.902217626571655273e+00,2.901745319366455078e+00,1.690208911895751953e-02
3.680585145950317383e+00,1.828662633895874023e+00,2.132913112640380859e+00,1.539110660552978516e+00,8.067646995186805725e-03
1.154686808586120605e+00,1.114717841148376465e+00,2.463321924209594727e+00,2.113447785377502441e-01,8.352456614375114441e-03
1.298112630844116211e+00,5.776354670524597168e-01,8.192917108535766602e-01,1.062955379486083984e+00,7.531543378718197346e-04
2.607330083847045898e+00,3.677415609359741211e+00,3.088579416275024414e+00,3.380218982696533203e+00,4.014850780367851257e-02
6.248362064361572266e-01,5.643225908279418945e-01,3.097959041595458984e+00,3.956119060516357422e+00,1.525156432762742043e-03
2.010330438613891602e+00,3.334625661373138428e-01,2.000881195068359375e+00,3.157874345779418945e+00,3.054042172152549028e-04
1.959950566291809082e+00,2.902306616306304932e-01,2.234587192535400391e+00,2.802744865417480469e+00,2.763884258456528187e-04
5.065006613731384277e-01,3.523309946060180664e+00,3.703077793121337891e+00,2.426646471023559570e+00,9.373392909765243530e-02
2.263947248458862305e+00,3.262537240982055664e+00,2.366329729557037354e-01,1.028973102569580078e+00,5.312934052199125290e-03
3.943048238754272461e+00,3.932584285736083984e+00,1.459011077880859375e+00,9.409803152084350586e-01,2.740749157965183258e-02
3.930331945419311523e+00,3.086152553558349609e+00,3.422849416732788086e+00,3.826008796691894531e+00,1.836158894002437592e-02
1.626501679420471191e-01,3.068565130233764648e+00,3.822905778884887695e+00,3.058690547943115234e+00,6.993352621793746948e-02
3.050000429153442383e+00,2.226884514093399048e-01,1.144855841994285583e-01,8.771548867225646973e-01,9.655180292611476034e-06
5.446790456771850586e-01,3.329987764358520508e+00,2.245810031890869141e+00,2.696495771408081055e+00,5.712690576910972595e-02
1.197981387376785278e-01,1.678521394729614258e+00,2.230064868927001953e+00,2.602143287658691406e+00,1.673236489295959473e-02
3.957906663417816162e-01,3.796284914016723633e+00,3.742219686508178711e+00,3.329948186874389648e+00,9.313458949327468872e-02
2.839063167572021484e+00,2.300212681293487549e-01,3.329549074172973633e+00,3.403916060924530029e-01,2.571477962192147970e-04
1.992985486984252930e+00,3.379186630249023438e+00,3.961683750152587891e+00,9.665007591247558594e-01,7.300031930208206177e-02
1.669470191001892090e+00,2.388986349105834961e+00,3.180046319961547852e+00,2.812220335006713867e+00,2.583819068968296051e-02
3.033420324325561523e+00,3.318614482879638672e+00,2.897188186645507812e+00,2.728876173496246338e-01,4.676151648163795471e-02
4.633958339691162109e-01,2.991924762725830078e+00,3.517657995223999023e+00,2.468794107437133789e+00,6.614717096090316772e-02
3.720236301422119141e+00,9.674287438392639160e-01,4.657495617866516113e-01,2.092196702957153320e+00,4.970534937456250191e-04
3.574960947036743164e+00,3.829071283340454102e+00,7.329527735710144043e-01,3.542051315307617188e+00,9.337517432868480682e-03
5.816450715065002441e-01,4.766406416893005371e-01,2.416301965713500977e+00,2.420329093933105469e+00,1.294274581596255302e-03
1.416398882865905762e+00,2.751755714416503906e+00,7.754710912704467773e-01,2.175777435302734375e+00,1.300192158669233322e-02
3.314672470092773438e+00,3.014238119125366211e+00,1.859388589859008789e+00,1.129637122154235840e+00,2.332348376512527466e-02
1.821345448493957520e+00,2.654034614562988281e+00,3.834196805953979492e+00,3.028192758560180664e+00,3.206310421228408813e-02
6.548063158988952637e-01,1.551300406455993652e+00,3.666102647781372070e+00,7.131167054176330566e-01,2.284005284309387207e-02
2.064877033233642578e+00,3.139919281005859375e+00,1.942772388458251953e+00,3.478194713592529297e+00,2.427569217979907990e-02
3.412371873855590820e+00,2.337185144424438477e+00,3.474798440933227539e+00,3.141806364059448242e+00,1.433200389146804810e-02
3.265952587127685547e+00,4.451647773385047913e-02,1.504137873649597168e+00,1.556570172309875488e+00,4.042571617901558056e-06
8.930242806673049927e-02,9.758836627006530762e-01,3.370254278182983398e+00,1.308812141418457031e+00,9.488644078373908997e-03
1.684007883071899414e+00,3.286409378051757812e+00,1.400563955307006836e+00,1.814402818679809570e+00,3.181559965014457703e-02
1.571507334709167480e+00,2.451221227645874023e+00,5.531324744224548340e-01,1.724266648292541504e+00,7.702147122472524643e-03
4.973608553409576416e-01,1.203808784484863281e+00,3.904349327087402344e+00,1.282267093658447266e+00,1.380413584411144257e-02
3.112703084945678711e+00,4.404611289501190186e-01,3.041582107543945312e+00,1.983021020889282227e+00,6.567108212038874626e-04
6.070045828819274902e-01,1.467070102691650391e+00,2.437830448150634766e+00,9.569187760353088379e-01,1.569194719195365906e-02
9.666093587875366211e-01,1.609902620315551758e+00,3.281163930892944336e+00,7.429375648498535156e-01,2.105837687849998474e-02
3.243865251541137695e+00,9.968398809432983398e-01,2.697679996490478516e+00,2.924280166625976562e+00,2.470698207616806030e-03
1.626153469085693359e+00,1.459471225738525391e+00,4.321740269660949707e-01,1.100642919540405273e+00,2.319772029295563698e-03
8.560986518859863281e-01,3.764676570892333984e+00,1.646538615226745605e+00,9.297433495521545410e-01,7.053488492965698242e-02
2.938262522220611572e-01,7.074739336967468262e-01,3.026831865310668945e+00,2.862402677536010742e+00,3.288984531536698341e-03
2.871724843978881836e+00,9.610373526811599731e-02,7.346087694168090820e-02,1.455010414123535156e+00,1.123048036788532045e-06
2.329216241836547852e+00,1.909934997558593750e+00,2.694021701812744141e+00,2.418190687894821167e-01,1.829407364130020142e-02
2.905941009521484375e+00,1.532323360443115234e-01,3.982906818389892578e+00,1.858019351959228516e+00,9.967755613615736365e-05
3.508241415023803711e+00,1.805392980575561523e+00,1.930125594139099121e+00,2.793238878250122070e+00,6.007016636431217194e-03
1.005420327186584473e+00,1.542761564254760742e+00,3.624066591262817383e+00,1.640646457672119141e+00,1.775212213397026062e-02
3.757681369781494141e+00,2.625484704971313477e+00,1.839282512664794922e+00,5.206996202468872070e-01,1.649605296552181244e-02
1.778027862310409546e-01,3.478425025939941406e+00,3.736344873905181885e-01,2.723235607147216797e+00,1.314722653478384018e-02
4.531539380550384521e-01,1.698110103607177734e+00,1.323261141777038574e+00,2.526343822479248047e+00,1.016724668443202972e-02
2.923119068145751953e+00,2.078875303268432617e-01,1.823106050491333008e+00,2.758710384368896484e+00,9.128649253398180008e-05
2.973170518875122070e+00,3.175904750823974609e+00,1.408560752868652344e+00,2.198083877563476562e+00,1.887635886669158936e-02
2.218348979949951172e-01,1.516994833946228027e+00,3.272474050521850586e+00,1.021185398101806641e+00,2.256821282207965851e-02
3.604550838470458984e+00,3.461611986160278320e+00,2.472190141677856445e+00,3.797081232070922852e+00,2.089523151516914368e-02
2.847331762313842773e+00,1.962736129760742188e+00,4.102671742439270020e-01,1.933022022247314453e+00,2.416333882138133049e-03
3.654309034347534180e+00,5.487259626388549805e-01,1.548487424850463867e+00,3.448037624359130859e+00,3.829169436357915401e-04
3.529132604598999023e+00,2.219032764434814453e+00,6.544486284255981445e-01,8.904966711997985840e-01,4.680873826146125793e-03
1.497928023338317871e+00,5.593968629837036133e-01,2.396964073181152344e+00,8.053852319717407227e-01,1.757312216795980930e-03
2.035436630249023438e+00,1.226775527000427246e+00,3.054548978805541992e+00,2.204242706298828125e+00,6.762901321053504944e-03
2.448062658309936523e+00,5.358731746673583984e-01,2.501032114028930664e+00,7.653254866600036621e-01,1.255805836990475655e-03
2.516755342483520508e+00,2.513046503067016602e+00,3.524493455886840820e+00,1.680935382843017578e+00,2.930983528494834900e-02
2.739395618438720703e+00,1.324603080749511719e+00,1.885981559753417969e+00,3.689411163330078125e+00,3.295617410913109779e-03
1.708464026451110840e-01,6.863021850585937500e-01,3.006959438323974609e+00,1.534996509552001953e+00,4.138876218348741531e-03
1.064727425575256348e+00,1.967728734016418457e-01,2.353437423706054688e+00,1.336837053298950195e+00,2.275712613482028246e-04
3.254189252853393555e+00,2.983739376068115234e+00,3.598557233810424805e+00,4.181617125868797302e-02,4.069822654128074646e-02
8.798766732215881348e-01,3.491487026214599609e+00,1.150469899177551270e+00,1.353866696357727051e+00,4.124356433749198914e-02
2.601650059223175049e-01,3.043607473373413086e+00,2.965652704238891602e+00,7.243473529815673828e-01,8.783151954412460327e-02
3.559634208679199219e+00,2.017523765563964844e+00,2.720740079879760742e+00,2.985978841781616211e+00,9.134777821600437164e-03
2.420035123825073242e+00,6.524972617626190186e-02,7.196943461894989014e-02,2.594672441482543945e+00,4.692356583291257266e-07
2.753860950469970703e+00,2.813386678695678711e+00,1.217147469520568848e+00,1.599848084151744843e-02,1.857180334627628326e-02
7.229430675506591797e-01,3.565591812133789062e+00,1.706970930099487305e+00,3.869989156723022461e+00,3.881687298417091370e-02
3.646321773529052734e+00,2.346990823745727539e+00,3.548024415969848633e+00,2.718501806259155273e+00,1.492910739034414291e-02
3.224910497665405273e+00,8.009409308433532715e-01,3.227603435516357422e+00,2.434351205825805664e+00,1.989467069506645203e-03
1.556388854980468750e+00,2.489588499069213867e+00,6.573291420936584473e-01,3.921886682510375977e+00,6.023019552230834961e-03
1.830054759979248047e+00,2.215804100036621094e+00,2.922734022140502930e+00,3.167099356651306152e-01,2.996842749416828156e-02
1.888845920562744141e+00,1.441121220588684082e+00,1.637299805879592896e-01,2.132980346679687500e+00,6.701961392536759377e-04
2.138296127319335938e+00,2.074325084686279297e+00,2.058541774749755859e+00,8.572605848312377930e-01,1.766667142510414124e-02
3.139381408691406250e+00,1.499871611595153809e+00,3.427864789962768555e+00,3.088888168334960938e+00,6.433944217860698700e-03
6.690660119056701660e-01,5.052646994590759277e-01,2.123960971832275391e+00,3.711317300796508789e+00,9.763162815943360329e-04
3.852408170700073242e+00,1.189670443534851074e+00,4.997769296169281006e-01,1.697173476219177246e+00,8.321935310959815979e-04
1.846564412117004395e+00,9.001982212066650391e-01,3.035340070724487305e+00,3.305841445922851562e+00,3.039704170078039169e-03
1.560472130775451660e+00,1.147595167160034180e+00,1.712627053260803223e+00,1.941307544708251953e+00,4.685638938099145889e-03
1.281885385513305664e+00,3.625890254974365234e+00,2.571589708328247070e+00,2.382609605789184570e+00,6.392641365528106689e-02
3.044910430908203125e+00,1.861673235893249512e+00,1.120265007019042969e+00,2.074842929840087891e+00,5.277762189507484436e-03
3.376727581024169922e+00,2.637630701065063477e+00,2.164568424224853516e+00,2.643460988998413086e+00,1.507161185145378113e-02
1.709162116050720215e+00,1.916347980499267578e+00,1.555205583572387695e+00,3.487773656845092773e+00,8.331423625349998474e-03
7.728151232004165649e-02,3.847998142242431641e+00,1.012139678001403809e+00,4.191359877586364746e-01,6.335689872503280640e-02
3.431256055831909180e+00,3.606063127517700195e+00,1.969568014144897461e+00,4.972777366638183594e-01,3.636312484741210938e-02
2.932898044586181641e+00,2.297486305236816406e+00,3.557782888412475586e+00,6.823511123657226562e-01,2.499833889305591583e-02
2.915636301040649414e+00,2.884479284286499023e+00,3.706748485565185547e+00,3.783892869949340820e+00,2.284376695752143860e-02
1.726700425148010254e+00,1.364941243082284927e-02,1.305554956197738647e-01,2.498350143432617188e+00,4.677788112417147204e-08
1.658553957939147949e+00,7.298590540885925293e-01,2.103363513946533203e+00,1.039152860641479492e+00,2.510400023311376572e-03
1.169157147407531738e+00,2.189145326614379883e+00,2.339452981948852539e+00,2.035971879959106445e+00,2.412224747240543365e-02
1.714986681938171387e+00,2.671384334564208984e+00,3.913841724395751953e+00,2.783012866973876953e+00,3.570351749658584595e-02
1.162549018859863281e+00,1.628782868385314941e+00,1.604061961174011230e+00,3.394626379013061523e+00,7.430145516991615295e-03
1.197031974792480469e+00,2.295631647109985352e+00,3.080286264419555664e+00,3.739818572998046875e+00,2.210930176079273224e-02
1.394062876701354980e+00,6.437496542930603027e-01,3.121442556381225586e+00,1.067483067512512207e+00,2.765399636700749397e-03
1.030179485678672791e-01,1.354864716529846191e+00,1.102618098258972168e+00,8.094107508659362793e-01,8.109840564429759979e-03
1.538551449775695801e+00,2.840481519699096680e+00,1.106967329978942871e+00,2.910198688507080078e+00,1.606913469731807709e-02
5.875428915023803711e-01,3.993825912475585938e+00,2.362304925918579102e+00,1.652616262435913086e-01,1.237472966313362122e-01
2.050757169723510742e+00,2.805178463459014893e-01,1.018521547317504883e+00,3.941061496734619141e+00,1.000013216980732977e-04
2.800714015960693359e+00,2.833379030227661133e+00,2.625158548355102539e+00,2.287145376205444336e+00,2.559141628444194794e-02
1.797673344612121582e+00,1.977679014205932617e+00,1.877801537513732910e+00,1.735410332679748535e+00,1.451500784605741501e-02
3.066533803939819336e+00,2.761605739593505859e+00,1.042865872383117676e+00,1.781241297721862793e+00,1.139117591083049774e-02
1.987521767616271973e+00,6.398278474807739258e-01,2.515498638153076172e+00,2.009145498275756836e+00,1.706841867417097092e-03
3.815375566482543945e+00,3.940933465957641602e+00,9.986810684204101562e-01,1.852959990501403809e+00,1.756522990763187408e-02
2.863895893096923828e+00,1.577377915382385254e+00,3.292030096054077148e+00,6.525126695632934570e-01,1.157702598720788956e-02
2.731185674667358398e+00,1.617199778556823730e+00,3.765669822692871094e+00,2.325859785079956055e+00,1.042538881301879883e-02
1.679604053497314453e+00,3.413868904113769531e+00,3.655470371246337891e+00,1.263667583465576172e+00,7.567511498928070068e-02
3.627578258514404297e+00,2.694529294967651367e+00,3.327405929565429688e+00,1.712666273117065430e+00,2.328673563897609711e-02
5.428101420402526855e-01,8.712413311004638672e-01,3.536234617233276367e+00,3.578664302825927734e+00,4.326806869357824326e-03
1.819396764039993286e-02,4.274943768978118896e-01,1.543436884880065918e+00,1.689265012741088867e+00,9.879878489300608635e-04
2.444655656814575195e+00,1.884860277175903320e+00,2.750917434692382812e+00,5.750942230224609375e-01,1.693776808679103851e-02
3.435822010040283203e+00,2.275449991226196289e+00,7.478505373001098633e-01,3.107095003128051758e+00,3.850964363664388657e-03
2.936978816986083984e+00,2.475966453552246094e+00,1.809668242931365967e-01,8.299474120140075684e-01,1.961668953299522400e-03
2.341545343399047852e+00,2.915513515472412109e+00,1.225637078285217285e+00,1.892471075057983398e+00,1.796756684780120850e-02
1.471673846244812012e+00,2.798494815826416016e+00,1.272747814655303955e-01,1.325333237648010254e+00,2.560855820775032043e-03
3.698524951934814453e+00,2.419274330139160156e+00,1.178702950477600098e+00,2.532363176345825195e+00,7.005515042692422867e-03
7.121755741536617279e-03,1.405629992485046387e+00,2.331912279129028320e+00,2.244022607803344727e+00,1.350397337228059769e-02
2.982050657272338867e+00,1.397587591782212257e-03,2.996533393859863281e+00,3.097236394882202148e+00,5.411292303136860937e-09
1.133876085281372070e+00,2.752464532852172852e+00,2.783105134963989258e+00,3.401846647262573242e+00,3.263989835977554321e-02
1.239838480949401855e+00,3.390109539031982422e+00,1.129035592079162598e+00,3.421199083328247070e+00,2.281801030039787292e-02
7.125401496887207031e-01,3.232564687728881836e+00,2.657598495483398438e+00,3.356831073760986328e+00,5.002779513597488403e-02
2.321133852005004883e+00,2.252343177795410156e+00,3.198990583419799805e+00,1.241184353828430176e+00,2.538141049444675446e-02
8.174700140953063965e-01,1.670915484428405762e+00,1.353067755699157715e+00,3.459848403930664062e+00,7.362146396189928055e-03
1.586051225662231445e+00,3.749854564666748047e+00,1.030276298522949219e+00,8.121349662542343140e-02,3.995346277952194214e-02
1.315198302268981934e+00,3.638818264007568359e+00,2.709073066711425781e+00,1.393127679824829102e+00,7.897647470235824585e-02
3.108253717422485352e+00,9.173051714897155762e-01,2.532723546028137207e-01,4.094028472900390625e-01,3.736040380317717791e-04
3.996365547180175781e+00,1.592413187026977539e+00,1.735024005174636841e-01,6.739481687545776367e-01,5.762503133155405521e-04
4.457143545150756836e-01,4.818572998046875000e-01,3.719859123229980469e+00,7.349614500999450684e-01,2.357347402721643448e-03
1.645925998687744141e+00,1.273039221763610840e+00,4.774200022220611572e-01,1.844131827354431152e+00,1.720797736197710037e-03
1.735143661499023438e+00,3.154665827751159668e-01,1.167232036590576172e+00,1.334867238998413086e+00,2.647646178957074881e-04
3.857592105865478516e+00,1.070048689842224121e+00,7.275099754333496094e-01,8.511853814125061035e-01,1.098369713872671127e-03
3.742827892303466797e+00,3.855577468872070312e+00,4.893555939197540283e-01,1.348822593688964844e+00,9.359714575111865997e-03
2.001076221466064453e+00,1.490047693252563477e+00,6.703922748565673828e-01,3.527321577072143555e+00,2.085602842271327972e-03
1.982629179954528809e+00,1.080433577299118042e-01,3.173137903213500977e+00,1.177344202995300293e+00,6.493293039966374636e-05
2.748245954513549805e+00,1.259562015533447266e+00,4.049003720283508301e-01,2.457960844039916992e+00,9.129258105531334877e-04
1.106488466262817383e+00,3.418513774871826172e+00,5.782724544405937195e-02,4.928111433982849121e-01,2.147097839042544365e-03
9.430472850799560547e-01,3.537456512451171875e+00,2.869235754013061523e+00,5.384659171104431152e-01,9.654731303453445435e-02
2.192092180252075195e+00,2.458385944366455078e+00,4.407465159893035889e-01,3.567893266677856445e+00,3.520962782204151154e-03
8.991702795028686523e-01,5.522141978144645691e-02,8.010199666023254395e-01,2.176317930221557617e+00,6.308297997748013586e-06
4.077267646789550781e-01,2.086933851242065430e+00,2.033337831497192383e+00,2.786504983901977539e+00,2.124135382473468781e-02
9.921467304229736328e-01,2.905947923660278320e+00,1.124647911638021469e-02,9.236860275268554688e-01,2.978578268084675074e-04
1.623921036720275879e+00,4.097294807434082031e-01,3.060927867889404297e+00,1.751146793365478516e+00,9.297797805629670620e-04
1.187625288963317871e+00,6.690403223037719727e-01,2.971153020858764648e+00,2.847866535186767578e+00,2.231128280982375145e-03
2.830680131912231445e+00,1.427681326866149902e+00,3.875120639801025391e+00,7.342286873608827591e-03,1.098854653537273407e-02
3.442909002304077148e+00,1.241270184516906738e+00,1.773705720901489258e+00,1.739829301834106445e+00,3.327501704916357994e-03
1.744751095771789551e+00,1.930376291275024414e+00,3.798346281051635742e+00,1.384268045425415039e+00,2.373901754617691040e-02
2.565263509750366211e+00,1.385406374931335449e+00,3.620379924774169922e+00,3.161681890487670898e+00,6.602716166526079178e-03
2.112632513046264648e+00,7.277821004390716553e-02,7.855631709098815918e-01,3.037416219711303711e+00,6.238309651962481439e-06
3.288698911666870117e+00,3.558773279190063477e+00,1.189918398857116699e+00,5.788291692733764648e-01,2.367557957768440247e-02
2.122014522552490234e+00,7.195972800254821777e-01,1.077849030494689941e+00,7.570477128028869629e-01,1.229605055414140224e-03
7.292219996452331543e-01,1.103984713554382324e+00,2.504879951477050781e+00,1.957322120666503906e+00,7.461804430931806564e-03
3.987067461013793945e+00,2.856513977050781250e+00,8.555071949958801270e-01,2.836379706859588623e-01,9.317334741353988647e-03
2.078222274780273438e+00,2.954381942749023438e+00,3.993457555770874023e+00,1.374029994010925293e+00,5.155409500002861023e-02
2.985120773315429688e+00,2.262580633163452148e+00,3.636159420013427734e+00,3.366949796676635742e+00,1.488165184855461121e-02
2.309539794921875000e+00,3.453006982803344727e+00,1.544378697872161865e-01,3.429465293884277344e+00,2.432304201647639275e-03
2.819762706756591797e+00,3.394789457321166992e+00,6.817141175270080566e-01,3.016516864299774170e-01,1.497845910489559174e-02
1.431549191474914551e+00,3.622103691101074219e+00,8.116323947906494141e-01,2.768978595733642578e+00,2.073214389383792877e-02
2.673964016139507294e-02,1.867141723632812500e+00,1.215745806694030762e+00,1.268015742301940918e+00,1.623551547527313232e-02
3.101352691650390625e+00,8.852206468582153320e-01,2.003248929977416992e-01,1.118692278861999512e+00,2.546039177104830742e-04
6.329305469989776611e-02,2.581559181213378906e+00,1.234858393669128418e+00,2.629843235015869141e+00,2.427229285240173340e-02
7.063534259796142578e-01,6.184392571449279785e-01,3.724494457244873047e+00,1.497322440147399902e+00,3.238087054342031479e-03
1.605409741401672363e+00,3.363014459609985352e+00,2.276798188686370850e-01,1.303426504135131836e+00,6.369529291987419128e-03
2.557222127914428711e+00,5.234948992729187012e-01,1.392191529273986816e+00,3.553730726242065430e+00,4.311905067879706621e-04
8.121527433395385742e-01,3.910428285598754883e+00,2.269840240478515625e+00,3.836606144905090332e-01,1.058102697134017944e-01
2.435347318649291992e+00,1.044606208801269531e+00,1.842731714248657227e+00,3.811748266220092773e+00,2.149131614714860916e-03
3.764665842056274414e+00,7.251837849617004395e-01,2.687674999237060547e+00,1.544136285781860352e+00,1.460970612242817879e-03
2.151398420333862305e+00,2.327796220779418945e+00,3.566277503967285156e+00,3.891051188111305237e-02,3.433344140648841858e-02
1.769644498825073242e+00,2.438786983489990234e+00,2.485280513763427734e+00,2.735893964767456055e+00,2.265439555048942566e-02
2.664547443389892578e+00,3.757431745529174805e+00,1.932569742202758789e-01,1.168304562568664551e+00,5.010799039155244827e-03
2.882180452346801758e+00,1.637914061546325684e+00,1.372062802314758301e+00,2.585738897323608398e+00,4.657063167542219162e-03
1.938410878181457520e+00,9.373794198036193848e-01,3.299643516540527344e+00,1.602739930152893066e+00,4.743751604110002518e-03
2.357094526290893555e+00,8.646874874830245972e-02,1.722422122955322266e+00,2.519976854324340820e+00,1.877576505648903549e-05
2.177728891372680664e+00,3.599942207336425781e+00,3.683065652847290039e+00,6.724309176206588745e-02,8.264166861772537231e-02
2.535156011581420898e+00,2.752623856067657471e-01,2.289937257766723633e+00,1.755712032318115234e+00,2.622390456963330507e-04
2.018617868423461914e+00,6.503306031227111816e-01,1.423527151346206665e-01,7.845870852470397949e-01,1.410205877618864179e-04
1.693379640579223633e+00,8.353303670883178711e-01,1.743174552917480469e+00,2.568028688430786133e+00,2.138332230970263481e-03
2.962766885757446289e+00,3.972305774688720703e+00,2.539471149444580078e+00,6.397824883460998535e-01,6.059540435671806335e-02
3.870079278945922852e+00,3.712202548980712891e+00,3.575351715087890625e+00,6.308664083480834961e-01,4.966358840465545654e-02
1.515415430068969727e+00,5.858082175254821777e-01,3.785176992416381836e+00,2.657110214233398438e+00,1.843794016167521477e-03
3.257918119430541992e+00,3.197218656539916992e+00,3.011347293853759766e+00,3.217494964599609375e+00,2.547203563153743744e-02
2.782889127731323242e+00,1.295348644256591797e+00,8.763313293457031250e-01,1.629517316818237305e+00,2.375528914853930473e-03
3.279970169067382812e+00,2.827865123748779297e+00,2.850161790847778320e-01,3.856935024261474609e+00,2.056003315374255180e-03
3.909326553344726562e+00,1.050698637962341309e+00,3.235455274581909180e+00,3.173602581024169922e+00,2.383067738264799118e-03
2.372259140014648438e+00,3.277058601379394531e+00,8.609931170940399170e-02,1.623295068740844727e+00,1.729780226014554501e-03
3.063583135604858398e+00,1.006218433380126953e+00,1.271333456039428711e+00,3.230794906616210938e+00,1.351697137579321861e-03
1.327000617980957031e+00,3.693013668060302734e+00,2.078094720840454102e+00,2.951964616775512695e+00,4.954830557107925415e-02
3.375736713409423828e+00,3.576079607009887695e+00,1.246038794517517090e+00,1.767673373222351074e+00,2.057662419974803925e-02
3.549919128417968750e-01,3.499586820602416992e+00,3.068889141082763672e+00,3.514133453369140625e+00,6.917669624090194702e-02
2.005041390657424927e-01,1.012829184532165527e+00,2.300997495651245117e+00,2.518865466117858887e-01,8.709858171641826630e-03
2.502124309539794922e+00,2.526608228683471680e+00,2.372890472412109375e+00,1.162583827972412109e+00,2.515256032347679138e-02
3.278818428516387939e-01,2.470892906188964844e+00,1.633535146713256836e+00,9.493428468704223633e-01,3.527487069368362427e-02
2.131526708602905273e+00,2.399556159973144531e+00,3.411593914031982422e+00,2.615778207778930664e+00,2.461280301213264465e-02
2.094341993331909180e+00,2.172416925430297852e+00,2.387809514999389648e+00,2.389975339174270630e-01,2.335125580430030823e-02
3.492327690124511719e+00,8.975613117218017578e-02,2.090353727340698242e+00,2.749047279357910156e+00,1.604415774636436254e-05
5.720308423042297363e-01,3.697607994079589844e+00,7.658945918083190918e-01,2.454878330230712891e+00,2.825202047824859619e-02
1.042479425668716431e-01,2.033015966415405273e+00,1.006497186608612537e-03,3.148182630538940430e+00,1.132630677602719516e-05
1.517171859741210938e-01,3.986056327819824219e+00,2.041678667068481445e+00,1.560279011726379395e+00,1.064224988222122192e-01
3.087713718414306641e+00,2.681497573852539062e+00,3.413056135177612305e-01,1.770667314529418945e+00,3.600013907998800278e-03
1.208795547485351562e+00,1.141987085342407227e+00,3.352052688598632812e+00,3.516972064971923828e-01,1.036489754915237427e-02
6.470822691917419434e-01,6.761545538902282715e-01,3.922248363494873047e+00,2.104588031768798828e+00,3.625349141657352448e-03
1.049221873283386230e+00,2.360235929489135742e+00,5.644691586494445801e-01,1.484749436378479004e+00,8.866694755852222443e-03
2.483284473419189453e+00,3.818464517593383789e+00,3.440777063369750977e+00,1.915263772010803223e+00,6.475099921226501465e-02
9.047522544860839844e-01,3.886745870113372803e-01,1.361829161643981934e+00,1.864015460014343262e+00,5.434296326711773872e-04
3.695369958877563477e+00,3.218342065811157227e+00,1.688774704933166504e+00,2.112843990325927734e+00,1.858219318091869354e-02
1.961017966270446777e+00,3.925770044326782227e+00,1.788749575614929199e+00,3.899935245513916016e+00,3.355732932686805725e-02
1.072242617607116699e+00,3.981875419616699219e+00,2.674715995788574219e+00,3.801921844482421875e+00,6.234577670693397522e-02
2.366826534271240234e+00,1.161037206649780273e+00,2.523958206176757812e+00,2.504349708557128906e+00,4.556720145046710968e-03
3.360882520675659180e+00,1.080420494079589844e+00,3.870537519454956055e+00,1.921322822570800781e+00,4.218951333314180374e-03
3.545097351074218750e+00,2.240421772003173828e+00,1.802803635597229004e+00,3.890517354011535645e-01,1.274780929088592529e-02
1.907304883003234863e+00,2.662736892700195312e+00,9.603051096200942993e-02,2.022222429513931274e-01,1.743657630868256092e-03
1.245283603668212891e+00,2.728648900985717773e+00,7.143008708953857422e-01,1.733350008726119995e-01,1.640209555625915527e-02
7.605649232864379883e-01,1.269405245780944824e+00,3.654403090476989746e-01,3.591762304306030273e+00,1.192085910588502884e-03
1.858392715454101562e+00,2.199136018753051758e+00,7.996106147766113281e-01,2.474751472473144531e+00,7.052927277982234955e-03
3.016253232955932617e+00,1.383486628532409668e+00,1.913921236991882324e+00,4.781707227230072021e-01,5.934461019933223724e-03
3.009110212326049805e+00,1.959902882575988770e+00,1.070446848869323730e+00,1.040198802947998047e+00,6.708165630698204041e-03
8.673968911170959473e-01,2.629462480545043945e-01,3.223962306976318359e+00,3.967277407646179199e-01,5.933122010901570320e-04
1.252524614334106445e+00,1.819737553596496582e+00,1.586553573608398438e+00,2.622768163681030273e+00,1.056812703609466553e-02
8.054531216621398926e-01,3.327576160430908203e+00,5.680279731750488281e-01,2.276609182357788086e+00,1.653307303786277771e-02
2.250572204589843750e+00,2.429717779159545898e+00,2.628622651100158691e-01,1.584517210721969604e-01,3.590322565287351608e-03
1.183878421783447266e+00,6.024937629699707031e-01,1.680082440376281738e+00,3.343267202377319336e+00,1.062679453752934933e-03
4.706780910491943359e-01,1.809586405754089355e+00,9.549089074134826660e-01,1.200417637825012207e+00,1.075985189527273178e-02
3.749082326889038086e+00,8.285754919052124023e-01,1.117708802223205566e+00,3.081564903259277344e+00,6.847908953204751015e-04
2.430499792098999023e+00,1.249615922570228577e-01,1.058724761009216309e+00,4.246929287910461426e-01,3.438763087615370750e-05
2.649497270584106445e+00,2.383320331573486328e+00,1.169087409973144531e+00,3.201669454574584961e+00,8.002232760190963745e-03
1.276234149932861328e+00,2.539569854736328125e+00,2.404454231262207031e+00,2.855556249618530273e+00,2.711198665201663971e-02
2.694377303123474121e-01,8.726953268051147461e-01,2.307210922241210938e+00,2.231214523315429688e+00,4.785843659192323685e-03
2.467588424682617188e+00,1.283052563667297363e+00,1.521510124206542969e+00,1.083347320556640625e+00,4.625873174518346786e-03
1.918389201164245605e+00,1.656240582466125488e+00,2.253629922866821289e+00,2.661970853805541992e-01,1.368167530745267868e-02
1.010498166084289551e+00,2.312613725662231445e+00,3.937879800796508789e+00,3.676898479461669922e+00,2.734139561653137207e-02
3.831615924835205078e+00,3.402749300003051758e+00,1.575904965400695801e+00,2.055580854415893555e+00,1.900081336498260498e-02
3.599814653396606445e+00,1.394149512052536011e-01,1.337700486183166504e+00,2.343798428773880005e-02,3.853511952911503613e-05
3.589445590972900391e+00,8.209665417671203613e-01,8.408045768737792969e-01,9.788293242454528809e-01,7.929947460070252419e-04
7.567619681358337402e-01,1.688623905181884766e+00,1.490502953529357910e+00,2.298622131347656250e+00,1.069218199700117111e-02
3.074303150177001953e+00,3.035665273666381836e+00,1.908259987831115723e+00,3.496220111846923828e+00,1.645768061280250549e-02
5.234254002571105957e-01,2.372750520706176758e+00,2.607251405715942383e+00,2.358461856842041016e+00,3.486749529838562012e-02
2.961336970329284668e-01,1.720306396484375000e+00,9.919762015342712402e-01,1.033776402473449707e-01,1.193063054233789444e-02
3.186568975448608398e+00,1.950255870819091797e+00,1.202690720558166504e+00,2.958321332931518555e+00,4.936572629958391190e-03
1.780825257301330566e+00,2.645392894744873047e+00,1.630028128623962402e+00,1.425799131393432617e+00,2.440179139375686646e-02
6.935694813728332520e-01,1.446827650070190430e-01,1.334490180015563965e+00,7.048405408859252930e-01,9.337283700006082654e-05
2.854772090911865234e+00,2.573632478713989258e+00,8.961303830146789551e-01,2.399621486663818359e+00,8.114791475236415863e-03
1.337293624877929688e+00,4.386905431747436523e-01,3.187847137451171875e+00,2.040334463119506836e+00,1.128665753640234470e-03
6.230485439300537109e-01,3.020984888076782227e+00,2.947934627532958984e+00,1.186782121658325195e+00,7.293093949556350708e-02
2.109310150146484375e+00,1.758010029792785645e+00,1.608737468719482422e+00,1.639935493469238281e+00,9.325969032943248749e-03
1.800150156021118164e+00,3.358805656433105469e+00,3.886151790618896484e+00,1.610146999359130859e+00,6.890127807855606079e-02
4.739755094051361084e-01,1.707895874977111816e+00,1.991827607154846191e+00,3.126218795776367188e+00,1.274398248642683029e-02
1.550336122512817383e+00,2.232861518859863281e+00,3.436329364776611328e+00,3.249860525131225586e+00,2.220534346997737885e-02
9.207501411437988281e-01,8.928548097610473633e-01,3.336608886718750000e+00,1.402556657791137695e+00,6.068444810807704926e-03
2.691161155700683594e+00,1.876394510269165039e+00,1.956463098526000977e+00,1.277408123016357422e+00,1.112025603652000427e-02
2.765768766403198242e+00,2.868118762969970703e+00,2.620738744735717773e+00,1.253901481628417969e+00,3.170526772737503052e-02
3.967410087585449219e+00,1.728213787078857422e+00,7.394181489944458008e-01,3.253122568130493164e-01,2.970986068248748779e-03
9.772775173187255859e-01,2.444103717803955078e+00,3.929313182830810547e+00,2.062681913375854492e+00,4.328245297074317932e-02
3.774835109710693359e+00,3.510118007659912109e+00,2.585118293762207031e+00,9.858830571174621582e-01,3.605628386139869690e-02
1.485375642776489258e+00,7.765316963195800781e-01,6.891171932220458984e-01,2.188895463943481445e+00,9.022825979627668858e-04
3.971201181411743164e+00,1.528121352195739746e+00,3.863496184349060059e-01,1.054418087005615234e+00,1.133288722485303879e-03
3.312109708786010742e-01,3.176870107650756836e+00,2.437413781881332397e-01,3.820261001586914062e+00,5.417422857135534286e-03
1.850036859512329102e+00,2.804367542266845703e+00,3.858934879302978516e+00,2.935943841934204102e+00,3.631963580846786499e-02
1.593897461891174316e+00,1.032311797142028809e+00,2.785238265991210938e+00,1.294663101434707642e-01,6.868410389870405197e-03
1.508211255073547363e+00,3.411712497472763062e-02,5.320867300033569336e-01,3.471091747283935547e+00,1.023231106955790892e-06
3.239731788635253906e+00,3.877214431762695312e+00,3.393306970596313477e+00,2.268238782882690430e+00,4.935626685619354248e-02
2.407111883163452148e+00,1.223731517791748047e+00,9.637771248817443848e-01,1.500127315521240234e-01,3.108408302068710327e-03
3.146890163421630859e+00,1.341634154319763184e+00,5.164512395858764648e-01,4.548688828945159912e-01,1.594552188180387020e-03
2.447534203529357910e-01,1.891451001167297363e+00,2.107756137847900391e+00,2.631826102733612061e-01,2.801989391446113586e-02
3.881119728088378906e+00,2.662889659404754639e-01,1.142809391021728516e+00,1.591117978096008301e+00,9.332037734566256404e-05
1.438613057136535645e+00,3.484718084335327148e+00,3.502041339874267578e+00,6.061707735061645508e-01,9.002810716629028320e-02
3.394978761672973633e+00,2.927044630050659180e+00,2.470295906066894531e+00,3.968684434890747070e+00,1.537663489580154419e-02
1.990584135055541992e-01,7.422178387641906738e-01,3.273203596472740173e-02,2.025751590728759766e+00,6.027063136571086943e-05
3.956413745880126953e+00,1.736243605613708496e+00,2.085384607315063477e+00,7.952503561973571777e-01,7.299927528947591782e-03
3.214373111724853516e+00,2.412326097488403320e+00,5.260375738143920898e-01,2.882233858108520508e+00,3.445390146225690842e-03
3.838526487350463867e+00,3.720911979675292969e+00,1.696824431419372559e+00,3.698515295982360840e-01,3.065758943557739258e-02
9.449125528335571289e-01,1.077580928802490234e+00,4.235856831073760986e-01,3.607334792613983154e-01,1.651425729505717754e-03
3.947385072708129883e+00,1.943648457527160645e+00,1.481792449951171875e+00,2.141427993774414062e+00,5.581775214523077011e-03
2.264384031295776367e+00,4.641230702400207520e-01,2.715178966522216797e+00,2.232737302780151367e+00,8.340380736626684666e-04
2.245143651962280273e+00,3.117802858352661133e+00,1.826158642768859863e+00,3.747529268264770508e+00,2.038083411753177643e-02
3.879802465438842773e+00,6.121016666293144226e-02,3.351930856704711914e+00,3.701527595520019531e+00,7.435453426296589896e-06
2.362584769725799561e-01,3.205104351043701172e+00,2.547806739807128906e+00,1.951764225959777832e+00,7.386509329080581665e-02
2.216408729553222656e+00,7.743111252784729004e-01,1.567327022552490234e+00,1.195151567459106445e+00,1.835523522458970547e-03
1.063162367790937424e-02,1.317432999610900879e+00,1.776676297187805176e+00,3.854763746261596680e+00,6.806137505918741226e-03
1.878623962402343750e+00,1.329250931739807129e+00,2.452406883239746094e+00,1.227521777153015137e+00,8.516728878021240234e-03
3.858576714992523193e-01,3.812195777893066406e+00,2.912876367568969727e+00,6.942088007926940918e-01,1.316525340080261230e-01
2.156083583831787109e+00,2.110640764236450195e+00,1.750096559524536133e+00,3.443092823028564453e+00,9.868995286524295807e-03
3.787184000015258789e+00,2.156949520111083984e+00,3.079926729202270508e+00,1.884413361549377441e+00,1.319823414087295532e-02
2.493842124938964844e+00,3.600377738475799561e-01,3.675372362136840820e+00,1.049145683646202087e-01,7.491598371416330338e-04
4.904699921607971191e-01,3.159268617630004883e+00,2.940074443817138672e+00,2.016402244567871094e+00,7.221333682537078857e-02
6.357491016387939453e-01,2.166868925094604492e+00,1.297900199890136719e+00,1.705775976181030273e+00,1.802963204681873322e-02
3.634123802185058594e+00,2.402714252471923828e+00,1.051928997039794922e-01,2.820557355880737305e+00,6.155786686576902866e-04
3.565277338027954102e+00,1.504835128784179688e+00,3.695313930511474609e+00,1.312247157096862793e+00,8.336036466062068939e-03
1.046572804450988770e+00,3.869325399398803711e+00,2.977585077285766602e+00,4.470006823539733887e-01,1.156120970845222473e-01
2.509016990661621094e+00,2.786809444427490234e+00,7.093552947044372559e-01,2.537240266799926758e+00,8.191891014575958252e-03
3.421644687652587891e+00,6.992813944816589355e-01,5.811790227890014648e-01,1.151122689247131348e+00,4.131617897655814886e-04
1.933772563934326172e+00,9.054707288742065430e-01,6.454644799232482910e-01,5.652375221252441406e-01,1.286668120883405209e-03
2.272891521453857422e+00,2.776674032211303711e+00,8.354076743125915527e-01,3.375116825103759766e+00,8.531390689313411713e-03
6.779263019561767578e-01,2.993667840957641602e+00,3.956966161727905273e+00,1.896574258804321289e+00,7.350099831819534302e-02
9.889665246009826660e-01,3.568103790283203125e+00,3.250755548477172852e+00,1.965770006179809570e+00,8.500292897224426270e-02
1.443622469902038574e+00,3.935973346233367920e-01,2.222014427185058594e+00,3.045638084411621094e+00,5.606157938018441200e-04
5.266867950558662415e-02,8.610970377922058105e-01,2.856484174728393555e+00,9.708226919174194336e-01,7.095997221767902374e-03
1.459281206130981445e+00,1.304426074028015137e+00,1.487843096256256104e-01,1.225104033946990967e-01,7.455946761183440685e-04
3.826515972614288330e-01,3.545329093933105469e+00,3.381374835968017578e+00,3.196175098419189453e+00,7.970622926950454712e-02
1.311780333518981934e+00,1.348249912261962891e-01,2.894850373268127441e-01,3.754593849182128906e+00,8.743570106162223965e-06
2.031960487365722656e+00,1.681905984878540039e+00,1.754985451698303223e+00,8.804160952568054199e-01,1.050531864166259766e-02
2.085564285516738892e-01,2.100625753402709961e+00,3.831108808517456055e-01,2.876643896102905273e+00,4.711924120783805847e-03
1.328254640102386475e-01,2.307999849319458008e+00,5.980058312416076660e-01,3.773390054702758789e+00,7.449337746948003769e-03
2.703487873077392578e+00,1.569980740547180176e+00,1.389765262603759766e+00,7.465534210205078125e-01,6.210125982761383057e-03
1.293786168098449707e+00,1.025269150733947754e+00,9.260940551757812500e-01,2.007035255432128906e+00,2.292646560817956924e-03
3.457751989364624023e+00,8.141753077507019043e-01,4.546034932136535645e-01,1.971432328224182129e+00,3.804708248935639858e-04
8.875002861022949219e-01,1.475531935691833496e+00,2.495853185653686523e+00,1.292572855949401855e+00,1.417023595422506332e-02
2.660677671432495117e+00,3.135316371917724609e+00,3.023343324661254883e+00,1.379303693771362305e+00,4.208499565720558167e-02
1.767966985702514648e+00,1.410146236419677734e+00,6.210515499114990234e-01,3.765897512435913086e+00,1.769511611200869083e-03
2.616391658782958984e+00,3.919821023941040039e+00,1.442984342575073242e+00,1.671857118606567383e+00,3.601991385221481323e-02
2.084944009780883789e+00,3.414995372295379639e-01,1.895357251167297363e+00,4.017344713211059570e-01,4.777042195200920105e-04
1.451425075531005859e+00,1.847381353378295898e+00,1.664182662963867188e+00,3.839113950729370117e+00,8.246186189353466034e-03
3.324063301086425781e+00,1.423755884170532227e+00,2.140753507614135742e+00,1.596067428588867188e+00,5.407110322266817093e-03
3.793149471282958984e+00,2.505796253681182861e-01,9.091817736625671387e-01,3.414525508880615234e+00,4.734037793241441250e-05
8.763825148344039917e-02,1.925371885299682617e+00,2.234973907470703125e-01,1.905927509069442749e-01,3.661224152892827988e-03
3.162794113159179688e+00,2.558387517929077148e+00,6.130086779594421387e-01,1.447943329811096191e+00,6.026068236678838730e-03
3.192698478698730469e+00,2.593273162841796875e+00,2.151242971420288086e+00,6.425234675407409668e-01,2.133490703999996185e-02
5.640656948089599609e-01,3.049424886703491211e+00,7.825700640678405762e-01,5.455916374921798706e-02,2.767559513449668884e-02
2.376368045806884766e+00,2.966333866119384766e+00,4.605200588703155518e-01,9.186621904373168945e-01,8.342171087861061096e-03
1.701400160789489746e+00,1.989356398582458496e+00,2.803138256072998047e+00,8.357669711112976074e-01,2.319897711277008057e-02
2.296345710754394531e+00,3.609537363052368164e+00,2.322052478790283203e+00,1.213626265525817871e+00,5.335761979222297668e-02
2.317577123641967773e+00,2.148339986801147461e+00,9.365306794643402100e-02,2.638513803482055664e+00,6.762289558537304401e-04
3.174426555633544922e+00,9.809672236442565918e-01,3.781310319900512695e+00,1.232471227645874023e+00,4.074787255376577377e-03
4.271597862243652344e-01,1.193041443824768066e+00,1.007211089134216309e+00,3.015686988830566406e+00,3.539681201800704002e-03
3.665330171585083008e+00,3.005014061927795410e-01,1.251594662666320801e+00,1.805818319320678711e+00,1.328496291534975171e-04
5.965342521667480469e-01,2.702938318252563477e+00,2.048066854476928711e+00,3.715602874755859375e+00,2.773129940032958984e-02
8.472094535827636719e-01,2.849187374114990234e+00,4.285593628883361816e-01,1.794918417930603027e+00,9.932165034115314484e-03
2.790741920471191406e+00,1.156835317611694336e+00,2.828016042709350586e+00,7.602197676897048950e-02,6.105386186391115189e-03
2.673441886901855469e+00,2.932033777236938477e+00,3.205579996109008789e+00,2.765857934951782227e+00,2.922146953642368317e-02
2.525538444519042969e+00,2.724221229553222656e+00,5.898856520652770996e-01,3.647752523422241211e+00,5.125630646944046021e-03
1.424061059951782227e-01,2.971374750137329102e+00,2.205835819244384766e+00,2.125345468521118164e+00,5.689465999603271484e-02
3.005931377410888672e+00,4.072258174419403076e-01,2.670556783676147461e+00,3.685964107513427734e+00,3.733722260221838951e-04
1.521285176277160645e+00,1.182301938533782959e-01,3.241372823715209961e+00,2.490053653717041016e+00,7.161597750382497907e-05
3.220564499497413635e-02,4.179712831974029541e-01,1.159079074859619141e+00,2.288479566574096680e+00,6.501259049400687218e-04
1.025263190269470215e+00,5.724509954452514648e-01,2.812531232833862305e+00,3.119752407073974609e+00,1.561367418617010117e-03
3.222258806228637695e+00,3.642280817031860352e+00,9.351158142089843750e-01,3.784065961837768555e+00,1.128595229238271713e-02
2.687826633453369141e+00,2.528072118759155273e+00,2.963033877313137054e-02,8.683130741119384766e-01,3.595344023779034615e-04
2.187636137008666992e+00,3.373683691024780273e+00,3.270236015319824219e+00,2.391595363616943359e+00,4.896913841366767883e-02
3.054125308990478516e-01,2.322215288877487183e-01,3.974995613098144531e+00,2.993121385574340820e+00,3.962249320466071367e-04
3.450235605239868164e+00,8.499981760978698730e-01,1.580897569656372070e+00,3.727539300918579102e+00,9.379307739436626434e-04
1.122476577758789062e+00,2.584302902221679688e+00,1.850729942321777344e+00,1.006127595901489258e+00,3.351585939526557922e-02
2.899706125259399414e+00,1.830265969038009644e-01,1.810256958007812500e+00,3.290616989135742188e+00,6.310989556368440390e-05
3.540425539016723633e+00,3.271930694580078125e+00,1.915170699357986450e-01,2.546544075012207031e+00,2.264153910800814629e-03
1.738460659980773926e+00,5.393983125686645508e-01,3.470178365707397461e+00,1.074694991111755371e+00,1.855901791714131832e-03
3.927155971527099609e+00,3.162978649139404297e+00,2.731421470642089844e+00,3.509155988693237305e+00,1.799908839166164398e-02
3.342246770858764648e+00,2.946203231811523438e+00,9.425520896911621094e-01,3.350741147994995117e+00,7.860719226300716400e-03
1.330937862396240234e+00,1.090715050697326660e+00,3.615184307098388672e+00,2.149901628494262695e+00,7.326374761760234833e-03
1.479211211204528809e+00,1.104689359664916992e+00,3.463932991027832031e+00,2.869191884994506836e+00,6.057973485440015793e-03
7.027454376220703125e-01,1.372264027595520020e+00,3.808745384216308594e+00,1.834340929985046387e+00,1.523414999246597290e-02
2.413118600845336914e+00,3.094506740570068359e+00,3.258359909057617188e+00,3.275664567947387695e+00,3.179711103439331055e-02
2.042237758636474609e+00,9.516411423683166504e-01,2.886614799499511719e+00,3.317440986633300781e+00,3.097473876550793648e-03
3.484267711639404297e+00,3.075444459915161133e+00,1.947503209114074707e+00,9.076566696166992188e-01,2.466369047760963440e-02
2.347470998764038086e+00,1.716660141944885254e+00,2.533769607543945312e+00,2.667855024337768555e+00,9.707132354378700256e-03
3.711024999618530273e+00,1.234005808830261230e+00,2.008376598358154297e+00,1.911567211151123047e+00,3.256133291870355606e-03
3.153741359710693359e+00,3.686209440231323242e+00,9.733086824417114258e-01,2.679731607437133789e+00,1.552544906735420227e-02
1.400247335433959961e+00,1.299503207206726074e+00,3.593473434448242188e-01,1.989427566528320312e+00,1.418850617483258247e-03
